Id,Created at,Updated at
17,2021-03-13 17:53:28 UTC,2021-03-13 17:53:28 UTC
16,2021-03-13 17:53:28 UTC,2021-03-13 17:53:28 UTC
15,2021-03-13 17:53:28 UTC,2021-03-13 17:53:28 UTC
14,2021-03-13 17:53:28 UTC,2021-03-13 17:53:28 UTC
13,2021-03-13 17:53:28 UTC,2021-03-13 17:53:28 UTC
12,2021-03-13 17:53:28 UTC,2021-03-13 17:53:28 UTC
11,2021-03-13 17:53:27 UTC,2021-03-13 17:53:27 UTC
10,2021-03-13 17:53:27 UTC,2021-03-13 17:53:27 UTC
9,2021-03-13 17:53:27 UTC,2021-03-13 17:53:27 UTC
8,2021-03-13 17:53:27 UTC,2021-03-13 17:53:27 UTC
7,2021-03-13 17:53:27 UTC,2021-03-13 17:53:27 UTC
6,2021-03-13 17:53:27 UTC,2021-03-13 17:53:27 UTC
5,2021-03-13 17:53:27 UTC,2021-03-13 17:53:27 UTC
4,2021-03-13 17:53:27 UTC,2021-03-13 17:53:27 UTC
3,2021-03-13 17:53:27 UTC,2021-03-13 17:53:27 UTC
2,2021-03-13 17:53:27 UTC,2021-03-13 17:53:27 UTC
1,2021-03-13 17:53:27 UTC,2021-03-13 17:53:27 UTC
